Time (UTC),Machines > Drill Press > MIB > X-Horizontal > Damage Accumulation,Machines > Drill Press > MIB > Y-Radial > Damage Accumulation
2/29/20 5:00,0,0
2/29/20 5:10,0.379524416,0.257521374
2/29/20 5:20,0.364597307,0.355027405
2/29/20 5:30,0.349534709,0.338827008
2/29/20 5:40,0.322326736,0.29067293
2/29/20 5:49,0.391173075,0.276222388
2/29/20 5:59,0.369819245,0.360223296
2/29/20 6:10,0.322273896,0.350238594
2/29/20 6:20,0.311460528,0.406197234
2/29/20 6:30,0.359719004,0.303420116
2/29/20 6:40,0.381932918,0.348385232
2/29/20 6:50,0.38208299,0.327796548
2/29/20 6:59,0.366532376,0.370184544
2/29/20 7:09,0.352068933,0.568129557
2/29/20 7:20,0.366317725,0.233005997
2/29/20 7:30,0.367941295,0.326007962
2/29/20 7:40,0.398888527,0.334839696
2/29/20 7:50,0.416561083,0.191470668
2/29/20 8:00,0.332526095,0.440571983
2/29/20 8:09,0.355872761,0.350033399
2/29/20 8:19,0.360321913,0.274118838
2/29/20 8:30,0.340156049,0.52703449
2/29/20 8:40,0.321592674,0.195661979
2/29/20 8:50,0.354203912,0.296788885
2/29/20 9:00,0.420672111,0.333303134
2/29/20 9:10,0.3799097,0.255855139
2/29/20 9:19,0.353693396,0.24313471
2/29/20 9:29,0.35616795,0.22288359
2/29/20 9:40,0.318570679,0.317650028
2/29/20 9:50,0.358683891,0.403377163
2/29/20 10:00,0.326462707,0.380703955
2/29/20 10:10,0.395736711,0.357693876
2/29/20 10:20,0.407424359,0.389835158
2/29/20 10:29,0.412259277,0.346770294
2/29/20 10:39,0.340934166,0.305872963
2/29/20 10:50,0.346730459,0.403960942
2/29/20 11:00,0.327185974,0.463845207
2/29/20 11:10,0.363115667,0.328666328
2/29/20 11:20,0.385018939,0.364184385
2/29/20 11:30,0.348456877,0.482065659
2/29/20 11:39,0.35177899,0.353888499
2/29/20 11:49,0.359220781,0.507544417
2/29/20 12:00,0.309216073,0.342991471
2/29/20 12:10,0.364869701,0.456926674
2/29/20 12:20,0.362226877,0.354456659
2/29/20 12:30,0.321311592,0.283571054
2/29/20 12:40,0.384605288,0.377744587
2/29/20 12:49,0.391168436,0.326805802
2/29/20 12:59,0.394338823,0.395195514
2/29/20 13:10,0.319655063,0.267151727
2/29/20 13:20,0.346593495,0.339342298
2/29/20 13:30,0.363892186,0.500718385
2/29/20 13:40,0.337280631,0.494921908
2/29/20 13:50,0.378378211,0.26317879
2/29/20 13:59,0.345152712,0.505591073
2/29/20 14:09,0.363091809,0.297214335
2/29/20 14:20,0.38739859,0.35101095
2/29/20 14:30,0.385923568,0.400089801
2/29/20 14:40,0.399835641,0.307658742
2/29/20 14:50,0.363324314,0.332752605
2/29/20 15:00,0.339161729,0.347855509
2/29/20 15:09,0.40316617,0.293078989
2/29/20 15:19,0.343778593,0.424136065
2/29/20 15:30,0.350788632,0.270130967
2/29/20 15:40,0.362636379,0.36035532
2/29/20 15:50,0.350121666,0.423742209
2/29/20 16:00,0.375921061,0.367979224
2/29/20 16:10,0.320926114,0.292540693
2/29/20 16:19,0.344538758,0.286426406
2/29/20 16:29,0.393942582,0.474100632
2/29/20 16:40,0.446672798,0.35708639
2/29/20 16:50,0.343845636,0.322552096
2/29/20 17:00,0.287715053,0.244109188
2/29/20 17:10,0.327916661,0.416584992
2/29/20 17:20,0.359530244,0.501242981
2/29/20 17:29,0.324669024,0.387780844
2/29/20 17:39,0.397335466,0.428709428
2/29/20 17:50,0.390463838,0.286262396
2/29/20 18:00,0.334477617,0.295096936
2/29/20 18:10,0.411604206,0.335036011
2/29/20 18:20,0.333817,0.257716011
2/29/20 18:30,0.472262527,0.420202064
2/29/20 18:40,0.34629657,0.429249994
2/29/20 18:49,0.293992576,0.295945755
2/29/20 18:59,0.361041257,0.45493758
2/29/20 19:10,0.321584831,0.337669511
2/29/20 19:20,0.342630558,0.342695865
2/29/20 19:30,0.387117658,0.359988268
2/29/20 19:40,0.403363364,0.270782021
2/29/20 19:50,0.316982882,0.251732408
2/29/20 19:59,0.284942134,0.303163659
2/29/20 20:09,0.354560085,0.273970302
2/29/20 20:20,0.379592189,0.28541325
2/29/20 20:30,0.389226929,0.289996722
2/29/20 20:40,0.378277483,0.345781725
2/29/20 20:50,0.352996923,0.350201016
2/29/20 21:00,0.377426604,0.26882795
2/29/20 21:09,0.360337635,0.269213366
2/29/20 21:20,0.379704669,0.432604626
2/29/20 21:30,0.364374784,0.526804576
2/29/20 21:40,0.394827605,0.274748245
2/29/20 21:50,0.371481404,0.244062763
2/29/20 22:00,0.40069862,0.295830009
2/29/20 22:10,0.357802962,0.321452114
2/29/20 22:19,0.40416359,0.462745531
2/29/20 22:29,0.373400947,0.365276934
2/29/20 22:40,0.493737245,0.32442179
2/29/20 22:50,0.385455422,0.325738952
2/29/20 23:00,0.419182517,0.316493696
2/29/20 23:10,0.353701586,0.377318149
2/29/20 23:20,0.422202236,0.255161211
2/29/20 23:29,0.372512349,0.250708747
2/29/20 23:39,0.334391241,0.356484455
2/29/20 23:50,0.402930307,0.347192394
03-01-2020 00:00,0.359798523,0.356013673
03-01-2020 00:10,0.401032582,0.290328008
03-01-2020 00:20,0.378268589,0.339693526
03-01-2020 00:30,0.314966211,0.377648453
03-01-2020 00:39,0.375925374,0.370864772
03-01-2020 00:50,0.361380756,0.309282344
03-01-2020 01:00,0.3535284,0.304146067
03-01-2020 01:10,0.32543811,0.252723264
03-01-2020 01:20,0.401749329,0.373537831
03-01-2020 01:30,0.39336645,0.327889305
03-01-2020 01:39,0.346054803,0.325434095
03-01-2020 01:49,0.388576501,0.289862168
03-01-2020 02:00,0.42127631,0.281260387
03-01-2020 02:10,0.326919077,0.410052778
03-01-2020 02:30,0.38527056,0.382752852
03-01-2020 02:40,0.373283215,0.320144068
03-01-2020 02:49,0.379256225,0.336510161
03-01-2020 02:59,0.395004963,0.314866106
03-01-2020 03:10,0.362415924,0.400228518
03-01-2020 03:20,0.418461201,0.26136119
03-01-2020 03:30,0.382372857,0.344625731
03-01-2020 03:40,0.374029311,0.377824675
03-01-2020 03:50,0.328657836,0.408644743
03-01-2020 04:00,0.323087754,0.277850691
03-01-2020 04:09,0.361696339,0.249091856
03-01-2020 04:20,0.351651902,0.21115068
03-01-2020 04:30,0.335603338,0.27843021
03-01-2020 04:40,0.391744155,0.285324026
03-01-2020 04:50,0.36007782,0.47591651
03-01-2020 05:00,0.456041675,0.257444644
03-01-2020 05:10,0.39451869,0.33079403
03-01-2020 05:19,0.337518187,0.242596617
03-01-2020 05:30,0.416133729,0.47091417
03-01-2020 05:40,0.289456587,0.473067163
03-01-2020 05:50,0.374166224,0.276653539
03-01-2020 06:00,0.393987571,0.396484266
03-01-2020 06:10,0.378802089,0.351928287
03-01-2020 06:20,0.34447211,0.239607594
03-01-2020 06:29,0.355365838,0.392315137
03-01-2020 06:39,0.417795716,0.295120926
03-01-2020 06:50,0.334393819,0.438444165
03-01-2020 07:00,0.353444718,0.278468178
03-01-2020 07:10,0.421293857,0.32213168
03-01-2020 07:20,0.435894134,0.48382232
03-01-2020 07:30,0.364227223,0.312439196
03-01-2020 07:39,0.4145445,0.527752252
03-01-2020 07:49,0.368719426,0.39925003
03-01-2020 08:00,0.403812458,0.408231528
03-01-2020 08:10,0.438682914,0.242949551
03-01-2020 08:20,0.372949405,0.275317791
03-01-2020 08:30,0.366289154,0.409033754
03-01-2020 08:40,0.332396189,0.382877451
03-01-2020 08:50,0.407042329,0.375817689
03-01-2020 08:59,0.403217607,0.398083577
03-01-2020 09:10,0.340217918,0.247003879
03-01-2020 09:20,0.355732031,0.265565832
03-01-2020 09:30,0.371302679,0.402008886
03-01-2020 09:40,0.316473536,0.264331141
03-01-2020 09:50,0.36245983,0.329161431
03-01-2020 10:00,0.382184888,0.301436316
03-01-2020 10:09,0.371996724,0.314403074
03-01-2020 10:20,0.379905952,0.245300506
03-01-2020 10:30,0.316930134,0.524376358
03-01-2020 10:40,0.404457909,0.344134277
03-01-2020 10:50,0.366039257,0.356655757
03-01-2020 11:00,0.316492747,0.325582911
03-01-2020 11:10,0.345909069,0.408553613
03-01-2020 11:19,0.365436872,0.342188984
03-01-2020 11:30,0.389043022,0.288250999
03-01-2020 11:40,0.382030179,0.342727092
03-01-2020 11:50,0.344392836,0.391048164
03-01-2020 12:00,0.326693606,0.466849108
03-01-2020 12:10,0.382123454,0.317170832
03-01-2020 12:20,0.387436069,0.304918627
03-01-2020 12:29,0.343943898,0.341866639
03-01-2020 12:39,0.325263053,0.387348387
03-01-2020 12:50,0.360793334,0.447382856
03-01-2020 13:00,0.423707003,0.401822401
03-01-2020 13:10,0.369391719,0.426494962
03-01-2020 13:20,0.368402066,0.276630818
03-01-2020 13:30,0.386965966,0.262944639
03-01-2020 13:39,0.407560611,0.386544636
03-01-2020 13:49,0.35396642,0.319256088
03-01-2020 14:00,0.401760692,0.425498379
03-01-2020 14:10,0.377669795,0.355857971
03-01-2020 14:20,0.395994812,0.408273388
03-01-2020 14:30,0.40775393,0.282810898
03-01-2020 14:40,0.403089922,0.331022554
03-01-2020 14:50,0.342948896,0.295004518
03-01-2020 14:59,0.376818062,0.369060381
03-01-2020 15:10,0.343553299,0.401884299
03-01-2020 15:20,0.369267176,0.316579607
03-01-2020 15:30,0.373574669,0.419142223
03-01-2020 15:40,0.337783993,0.447610405
03-01-2020 15:50,0.349303659,0.27069789
03-01-2020 16:00,0.37156746,0.288306334
03-01-2020 16:09,0.430641985,0.382626227
03-01-2020 16:20,0.382144783,0.554567469
03-01-2020 16:30,0.410871805,0.303030875
03-01-2020 16:40,0.366816406,0.299238523
03-01-2020 16:50,0.32220107,0.363101458
03-01-2020 17:00,0.33960687,0.308825903
03-01-2020 17:09,0.348793006,0.349663469
03-01-2020 17:19,0.29617702,0.446197867
03-01-2020 17:30,0.387379222,0.375302564
03-01-2020 17:40,0.366900857,0.349969257
03-01-2020 17:50,0.411998741,0.43721359
03-01-2020 18:00,0.342606045,0.303470331
03-01-2020 18:10,0.39999339,0.412751703
03-01-2020 18:19,0.370027004,0.317372162
03-01-2020 18:29,0.331069421,0.328099891
03-01-2020 18:40,0.327874515,0.368135565
03-01-2020 18:50,0.373372213,0.459153754
03-01-2020 19:00,0.401876403,0.325637367
03-01-2020 19:10,0.425796663,0.324000426
03-01-2020 19:20,0.337679072,0.259213948
03-01-2020 19:30,0.367174605,0.374204702
03-01-2020 19:39,0.384473481,0.411926746
03-01-2020 19:50,0.322635251,0.332202208
03-01-2020 20:00,0.356953526,0.401002311
03-01-2020 20:10,0.300021331,0.313225964
03-01-2020 20:20,0.346445726,0.350192997
03-01-2020 20:30,0.405599163,0.304519065
03-01-2020 20:40,0.31274816,0.329308138
03-01-2020 20:49,0.352895829,0.273747168
03-01-2020 21:00,0.39422116,0.409704232
03-01-2020 21:10,0.308056491,0.305728066
03-01-2020 21:20,0.408813808,0.374083143
03-01-2020 21:30,0.320811608,0.402012072
03-01-2020 21:40,0.379464955,0.361613422
03-01-2020 21:50,0.332581501,0.235325069
03-01-2020 21:59,0.349852421,0.319690569
03-01-2020 22:10,0.330378506,0.394791005
03-01-2020 22:20,0.384215516,0.318424102
03-01-2020 22:30,0.328915572,0.384604289
03-01-2020 22:40,0.355069503,0.316651625
03-01-2020 22:50,0.426033486,0.333510365
03-01-2020 23:00,0.385817407,0.220722206
03-01-2020 23:09,0.340389227,0.390242314
03-01-2020 23:20,0.372941658,0.3713855
03-01-2020 23:30,0.386567323,0.294420069
03-01-2020 23:40,0.341477172,0.276952965
03-01-2020 23:50,0.427140936,0.266113431
03-02-2020 00:00,0.358564284,0.336202415
03-02-2020 00:10,0.322776519,0.593093918
03-02-2020 00:19,0.37766585,0.688508414
03-02-2020 00:30,0.338957889,0.301069534
03-02-2020 00:40,0.363981685,0.45248431
03-02-2020 00:50,0.379639261,0.483842763
03-02-2020 01:00,0.349781479,0.33598449
03-02-2020 01:10,0.36800343,0.42473893
03-02-2020 01:19,0.389782285,0.320387577
03-02-2020 01:30,0.314741763,0.311264868
03-02-2020 01:40,0.375254669,0.476996303
03-02-2020 01:50,0.396093227,0.298744544
03-02-2020 02:00,0.403626377,0.469787749
03-02-2020 02:10,0.414775595,0.308168248
03-02-2020 02:20,0.362459533,0.32688375
03-02-2020 02:29,0.316048012,0.286365795
03-02-2020 02:40,0.353078959,0.29528441
03-02-2020 02:50,0.38817337,0.322069568
03-02-2020 03:00,0.398306255,0.543094102
03-02-2020 03:10,0.390571023,0.361790827
03-02-2020 03:20,0.361825277,0.35860834
03-02-2020 03:30,0.379425935,0.500037545
03-02-2020 03:39,0.333360382,0.277220979
03-02-2020 03:49,0.353239248,0.395703993
03-02-2020 04:00,0.387413399,0.217040856
03-02-2020 04:10,0.414548806,0.380077531
03-02-2020 04:20,0.351939327,0.438089706
03-02-2020 04:30,0.375375996,0.361836615
03-02-2020 04:40,0.314522187,0.291549912
03-02-2020 04:50,0.380542573,0.26601495
03-02-2020 04:59,0.35813992,0.399711201
03-02-2020 05:10,0.360987861,0.435986806
03-02-2020 05:20,0.365952499,0.321210199
03-02-2020 05:30,0.351440777,0.302352618
03-02-2020 05:40,0.32810865,0.377672595
03-02-2020 05:50,0.276943639,0.234558237
03-02-2020 05:59,0.327205762,0.276595929
03-02-2020 06:09,0.375782679,0.301086779
03-02-2020 06:20,0.333006548,0.40864764
03-02-2020 06:30,0.326902104,0.344566492
03-02-2020 06:40,0.342543445,0.307047264
03-02-2020 06:50,0.288516258,0.279498118
03-02-2020 07:00,0.40664111,0.299891931
03-02-2020 07:09,0.40635355,0.294333416
03-02-2020 07:19,0.351276727,0.426552799
03-02-2020 07:30,0.369359166,0.444797493
03-02-2020 07:40,0.400895029,0.245911618
03-02-2020 07:50,0.361586292,0.401708615
03-02-2020 08:00,0.352508521,0.325141761
03-02-2020 08:10,0.346871444,0.357512918
03-02-2020 08:20,0.411393704,0.277142152
03-02-2020 08:29,0.401469221,0.293513611
03-02-2020 08:40,0.367547617,0.369860001
03-02-2020 08:50,0.37547741,0.284614042
03-02-2020 09:00,0.341544768,0.36744871
03-02-2020 09:10,0.447783541,0.288175629
03-02-2020 09:20,0.333392528,0.291825707
03-02-2020 09:30,0.351968029,0.251108785
03-02-2020 09:39,0.370476242,0.346340042
03-02-2020 09:50,0.359592452,0.267198351
03-02-2020 10:00,0.410355932,0.310373792
03-02-2020 10:10,0.371031355,0.364110855
03-02-2020 10:20,0.44134841,0.375917449
03-02-2020 10:30,0.37860829,0.325787766
03-02-2020 10:40,0.327248969,0.350545923
03-02-2020 10:49,0.332566832,0.19892124
03-02-2020 11:00,0.360991891,0.317637745
03-02-2020 11:10,0.342554272,0.272909568
03-02-2020 11:20,0.373455446,0.426005115
03-02-2020 11:30,0.401892521,0.410623126
03-02-2020 11:40,0.360692303,0.544178416
03-02-2020 11:50,0.405524868,0.295849458
03-02-2020 11:59,0.389373431,0.355162623
03-02-2020 12:09,0.318193866,0.33383861
03-02-2020 12:20,0.349337616,0.31559678
03-02-2020 12:30,0.332960905,0.395346779
03-02-2020 12:40,0.352196862,0.317774471
03-02-2020 12:50,0.363941431,0.275288161
03-02-2020 13:00,0.406253109,0.479606246
03-02-2020 13:09,0.379799348,0.300668882
03-02-2020 13:19,0.359477036,0.315277125
03-02-2020 13:30,0.370366188,0.266089193
03-02-2020 13:40,0.409100246,0.264879999
03-02-2020 13:50,0.372359186,0.29398997
03-02-2020 14:00,0.327401512,0.25326698
03-02-2020 14:10,0.40243235,0.393082005
03-02-2020 14:20,0.318580755,0.267610308
03-02-2020 14:29,0.375981756,0.298496386
03-02-2020 14:40,0.346042298,0.416895638
03-02-2020 14:50,0.356469715,0.395957747
03-02-2020 15:00,0.382126928,0.417463892
03-02-2020 15:10,0.331217231,0.362048296
03-02-2020 15:20,0.455429589,0.423942209
03-02-2020 15:30,0.353764744,0.430175459
03-02-2020 15:39,0.365929052,0.372780806
03-02-2020 15:50,0.438728347,0.208574234
03-02-2020 16:00,0.3466706,0.424525433
03-02-2020 16:10,0.35693528,0.442088451
03-02-2020 16:20,0.315944018,0.40450618
03-02-2020 16:30,0.367368307,0.362753544
03-02-2020 16:40,0.338178709,0.230824015
03-02-2020 16:49,0.395368936,0.287972801
03-02-2020 17:00,0.378771398,0.301072389
03-02-2020 17:10,0.350466135,0.42264698
03-02-2020 17:20,0.33505067,0.458624483
03-02-2020 17:30,0.356521059,0.264787933
03-02-2020 17:40,0.42761556,0.279321832
03-02-2020 17:50,0.355811735,0.401842948
03-02-2020 17:59,0.376805529,0.472156324
03-02-2020 18:10,0.370659942,0.366224973
03-02-2020 18:20,0.334203089,0.279830944
03-02-2020 18:30,0.383573451,0.429465154
03-02-2020 18:40,0.333202512,0.358265498
03-02-2020 18:50,0.396045745,0.387415017
03-02-2020 19:00,0.414454845,0.38593273
03-02-2020 19:09,0.368291488,0.308829075
03-02-2020 19:20,0.337032671,0.42346495
03-02-2020 19:30,0.387828397,0.408105069
03-02-2020 19:40,0.400465587,0.352890202
03-02-2020 19:50,0.383258831,0.392307214
03-02-2020 20:00,0.407889629,0.17135194
03-02-2020 20:10,0.353243307,0.446402208
03-02-2020 20:19,0.366316055,0.233443683
03-02-2020 20:30,0.342962404,0.401946174
03-02-2020 20:40,0.344864568,0.320390878
03-02-2020 20:50,0.388280421,0.37038129
03-02-2020 21:00,0.368789139,0.346033219
03-02-2020 21:10,0.395441621,0.28190205
03-02-2020 21:20,0.325777177,0.329045781
03-02-2020 21:29,0.34756919,0.386215813
03-02-2020 21:40,0.376447381,0.257785373
03-02-2020 21:50,0.391368724,0.259983078
03-02-2020 22:00,0.35976499,0.346535039
03-02-2020 22:10,0.318473452,0.392080637
03-02-2020 22:20,0.386332705,0.335403236
03-02-2020 22:30,0.350520717,0.362882787
03-02-2020 22:39,0.388767407,0.260435395
03-02-2020 22:50,0.406609763,0.266438804
03-02-2020 23:00,0.365718387,0.302573472
03-02-2020 23:10,0.428091517,0.31098102
03-02-2020 23:20,0.344210465,0.348415261
03-02-2020 23:30,0.344477419,0.566556127
03-02-2020 23:40,0.393851161,0.358241106
03-02-2020 23:49,0.370847936,0.409539642
03-03-2020 00:00,0.377391834,0.240554312
03-03-2020 00:10,0.383065793,0.39377626
03-03-2020 00:20,0.369004533,0.351809301
03-03-2020 00:30,0.370614099,0.285369209
03-03-2020 00:40,0.386946237,0.348779473
03-03-2020 00:50,0.3547428,0.399428039
03-03-2020 00:59,0.346751148,0.385327006
03-03-2020 01:10,0.370711037,0.32871169
03-03-2020 01:20,0.352272341,0.562392987
03-03-2020 01:40,0.327922804,0.415727631
03-03-2020 01:50,0.407284313,0.308618776
03-03-2020 02:00,0.367485544,0.3645875
03-03-2020 02:09,0.334741449,0.383206255
03-03-2020 02:20,6.681381164,7.834914003
03-03-2020 02:30,0.333499404,0.358701178
03-03-2020 02:40,0.408323482,0.307303523
03-03-2020 02:50,0.371366229,0.279435418
03-03-2020 03:00,0.36047737,0.32339094
03-03-2020 03:10,0.389606477,0.334403149
03-03-2020 03:19,0.405696582,0.298976779
03-03-2020 03:30,0.337074479,0.246130944
03-03-2020 03:40,0.357955248,0.347378912
03-03-2020 03:50,0.332377593,0.307381264
03-03-2020 04:00,0.310090892,0.225023866
03-03-2020 04:10,0.351915639,0.357884359
03-03-2020 04:20,0.370238378,0.403810833
03-03-2020 04:29,0.385327458,0.220275283
03-03-2020 04:40,0.386190992,0.354635008
03-03-2020 04:50,0.380580023,0.236524472
03-03-2020 05:00,0.34689958,0.449932795
03-03-2020 05:10,0.354644369,0.276181097
03-03-2020 05:20,0.345111894,0.275283962
03-03-2020 05:30,0.345897738,0.303759718
03-03-2020 05:39,0.412379324,0.380776384
03-03-2020 05:50,0.359034297,0.29702491
03-03-2020 06:00,0.373673443,0.381961671
03-03-2020 06:10,0.344847799,0.341604683
03-03-2020 06:20,0.412269934,0.366760588
03-03-2020 06:30,0.348815882,0.353640242
03-03-2020 06:40,0.357634438,0.26887001
03-03-2020 06:49,0.434865127,0.312202812
03-03-2020 07:00,0.388443647,0.306840529
03-03-2020 07:10,0.386275169,0.30762995
03-03-2020 07:20,0.39509471,0.37609404
03-03-2020 07:30,0.348723763,0.447769904
03-03-2020 07:40,0.357650272,0.191274547
03-03-2020 07:50,0.310521831,0.327960607
03-03-2020 07:59,0.36399621,0.323023332
03-03-2020 08:10,0.363458013,0.301476053
03-03-2020 08:20,0.320510337,0.258961812
03-03-2020 08:30,0.398197087,0.284767374
03-03-2020 08:40,0.40165828,0.272986737
03-03-2020 08:50,0.335117449,0.267552093
03-03-2020 09:00,0.324693926,0.38781732
03-03-2020 09:10,0.380477917,0.426703331
03-03-2020 09:20,0.33319291,0.261772863
03-03-2020 09:30,0.349931767,0.364772635
03-03-2020 09:40,0.332255877,0.37896215
03-03-2020 09:50,0.404652087,0.31853154
03-03-2020 10:00,0.438683682,0.30173994
03-03-2020 10:10,0.35297487,0.349772438
03-03-2020 10:20,0.357443218,0.380212204
03-03-2020 10:29,0.378990693,0.409610181
03-03-2020 10:40,0.401194651,0.546046893
03-03-2020 10:50,0.391556766,0.245932309
03-03-2020 11:00,0.427302124,0.255017365
03-03-2020 11:10,0.355731695,0.362637387
03-03-2020 11:20,0.372048475,0.353569854
03-03-2020 11:30,0.357067861,0.451659127
03-03-2020 11:39,0.339841814,0.401435152
03-03-2020 11:50,0.35662928,0.430005774
03-03-2020 12:00,0.329440202,0.273598305
03-03-2020 12:10,0.367757997,0.482404532
03-03-2020 12:20,0.367638042,0.279991881
03-03-2020 12:30,0.459324285,0.294714748
03-03-2020 12:40,0.341306433,0.25981603
03-03-2020 12:49,0.373470209,0.291862822
03-03-2020 13:00,0.355288902,0.452329035
03-03-2020 13:10,0.364054552,0.320864984
03-03-2020 13:20,0.315262766,0.473429956
03-03-2020 13:30,0.340756703,0.471016611
03-03-2020 13:40,0.402429649,0.384835847
03-03-2020 13:50,0.438662829,0.415746612
03-03-2020 13:59,0.39764357,0.356447424
03-03-2020 14:10,0.326459324,0.522231406
03-03-2020 14:20,0.390280624,0.482473835
03-03-2020 14:30,0.453998404,0.346087919
03-03-2020 14:40,0.300279784,0.306742301
03-03-2020 14:50,0.293727365,0.207807556
03-03-2020 15:00,0.345641012,0.297970448
03-03-2020 15:10,0.365757754,0.299698898
03-03-2020 15:20,0.390135157,0.516360688
03-03-2020 15:30,0.349845991,0.509669735
03-03-2020 15:40,0.374560477,0.291079954
03-03-2020 15:50,0.343643546,0.495961422
03-03-2020 16:00,0.388391452,0.271699047
03-03-2020 16:09,0.336263602,0.252867333
03-03-2020 16:20,0.30866594,0.334553156
03-03-2020 16:30,0.3954093,0.354271552
03-03-2020 16:40,0.330328815,0.266483377
03-03-2020 16:50,0.402422126,0.353055102
03-03-2020 17:00,0.383921102,0.325947873
03-03-2020 17:10,0.39004366,0.411545824
03-03-2020 17:19,0.400692558,0.433513606
03-03-2020 17:30,0.41741924,0.324875433
03-03-2020 17:40,0.351543454,0.487744782
03-03-2020 17:50,0.367090322,0.29703224
03-03-2020 18:00,0.3586303,0.495806873
03-03-2020 18:10,0.304057197,0.263633622
03-03-2020 18:20,0.347427505,0.282186355
03-03-2020 18:29,0.345100231,0.354669547
03-03-2020 18:40,0.361365808,0.312781959
03-03-2020 18:50,0.3918825,0.304556542
03-03-2020 19:00,0.406248059,0.262735064
03-03-2020 19:10,0.378425874,0.328865576
03-03-2020 19:20,0.370509437,0.326639946
03-03-2020 19:30,0.349569675,0.389373926
03-03-2020 19:39,0.347205391,0.282240397
03-03-2020 19:50,0.372821879,0.375769904
03-03-2020 20:00,0.358931368,0.31373914
03-03-2020 20:10,0.30821374,0.36658198
03-03-2020 20:20,0.278615127,0.271941388
03-03-2020 20:30,0.325226868,0.372475152
03-03-2020 20:40,0.36585649,0.309738839
03-03-2020 20:49,0.391247159,0.346367878
03-03-2020 21:00,0.395305437,0.3938052
03-03-2020 21:10,0.360873898,0.328829913
03-03-2020 21:20,0.353153309,0.437349158
03-03-2020 21:30,0.379572776,0.294712376
03-03-2020 21:40,0.327930959,0.407713499
03-03-2020 21:50,0.410084573,0.336619264
03-03-2020 21:59,0.373158047,0.207391991
03-03-2020 22:10,0.343303448,0.336786261
03-03-2020 22:20,0.362078268,0.331280484
03-03-2020 22:30,0.323529727,0.26586783
03-03-2020 22:40,0.339215639,0.287213807
03-03-2020 22:50,0.339145571,0.406634695
03-03-2020 23:00,0.388080489,0.571963019
03-03-2020 23:09,0.368103015,0.247100039
03-03-2020 23:20,0.333553519,0.272855757
03-03-2020 23:30,0.339378781,0.34642192
03-03-2020 23:40,0.355319515,0.285165106
03-03-2020 23:50,0.368500761,0.360700512
03-04-2020 00:00,0.361449793,0.311808175
03-04-2020 00:10,0.362267995,0.339144449
03-04-2020 00:19,0.378023675,0.313708042
03-04-2020 00:30,0.343627832,0.410980997
03-04-2020 00:40,0.37353886,0.406409096
03-04-2020 00:50,0.376719479,0.473938954
03-04-2020 01:00,0.34927506,0.337763298
03-04-2020 01:10,0.429960004,0.403820834
03-04-2020 01:20,0.358925467,0.277693518
03-04-2020 01:30,0.410661414,0.310967432
03-04-2020 01:40,0.335915295,0.283782927
03-04-2020 01:50,0.356606338,0.307051031
03-04-2020 02:00,0.43431755,0.256813907
03-04-2020 02:10,0.371419881,0.332331892
03-04-2020 02:20,0.348317856,0.429485728
03-04-2020 02:30,0.315447074,0.27748889
03-04-2020 02:40,0.374225173,0.23274374
03-04-2020 02:50,0.334190007,0.382724388
03-04-2020 03:00,0.332309731,0.479049614
03-04-2020 03:10,0.367887483,0.334285056
03-04-2020 03:20,0.344626516,0.309564901
03-04-2020 03:30,0.363130768,0.31000591
03-04-2020 03:40,0.408937945,0.368113433
03-04-2020 03:50,0.334785919,0.310740173
03-04-2020 04:00,0.40848481,0.276130739
03-04-2020 04:10,0.38599163,0.386781303
03-04-2020 04:20,0.355208665,0.383845175
03-04-2020 04:30,0.334833801,0.40971682
03-04-2020 04:40,0.350893373,0.319730735
03-04-2020 04:50,0.347597194,0.310353238
03-04-2020 05:00,0.335927804,0.399732002
03-04-2020 05:09,0.387524509,0.30943718
03-04-2020 05:20,0.315047151,0.368386184
03-04-2020 05:30,0.332581435,0.310637264
03-04-2020 05:40,0.375688063,0.387015738
03-04-2020 05:50,0.332185709,0.442556056
03-04-2020 06:00,0.324541696,0.364301491
03-04-2020 06:10,0.381798383,0.281718261
03-04-2020 06:19,0.396783578,0.525049803
03-04-2020 06:30,0.342327315,0.401263036
03-04-2020 06:40,0.384742348,0.314426565
03-04-2020 06:50,0.385556633,0.320450239
03-04-2020 07:00,0.303966592,0.440764945
03-04-2020 07:10,0.405472784,0.193361234
03-04-2020 07:20,0.401123985,0.399017873
03-04-2020 07:30,0.40107126,0.320962028
03-04-2020 07:40,0.360960515,0.333485255
03-04-2020 07:50,0.326405497,0.319993764
03-04-2020 08:00,0.398101165,0.331307468
03-04-2020 08:10,0.338206984,0.280651243
03-04-2020 08:20,0.369068008,0.320302942
03-04-2020 08:30,0.378628911,0.440240828
03-04-2020 08:40,0.372067726,0.267524058
03-04-2020 08:50,0.329841771,0.213040843
03-04-2020 09:00,0.378349828,0.335308486
03-04-2020 09:10,0.384763985,0.349908489
03-04-2020 09:20,0.348631,0.29162854
03-04-2020 09:30,0.408729101,0.325176095
03-04-2020 09:40,0.323805604,0.276803066
03-04-2020 09:50,0.405408229,0.32067616
03-04-2020 10:00,0.354343862,0.307237826
03-04-2020 10:10,0.366472689,0.32622973
03-04-2020 10:20,0.336837402,0.30539097
03-04-2020 10:30,0.358365722,0.309767918
03-04-2020 10:40,0.317032643,0.314918111
03-04-2020 10:50,0.34068136,0.319747982
03-04-2020 10:59,0.362164356,0.282872403
03-04-2020 11:10,0.353150825,0.317539447
03-04-2020 11:20,0.399544023,0.265198528
03-04-2020 11:30,0.367750661,0.432637376
03-04-2020 11:40,0.355985196,0.29454023
03-04-2020 11:50,0.401339367,0.419454663
03-04-2020 12:00,0.362636897,0.27888343
03-04-2020 12:09,0.290151047,0.355900395
03-04-2020 12:20,0.383736277,0.343209849
03-04-2020 12:30,0.376119644,0.347110646
03-04-2020 12:40,0.430974815,0.375972511
03-04-2020 12:50,0.326633129,0.335836758
03-04-2020 13:00,0.360375281,0.352050911
03-04-2020 13:10,0.353505854,0.388567025
03-04-2020 13:19,0.348875582,0.237025114
03-04-2020 13:30,0.379692732,0.345712906
03-04-2020 13:40,0.40463754,0.259524507
03-04-2020 13:50,0.40296962,0.32323
03-04-2020 14:00,0.34121356,0.356798843
03-04-2020 14:10,0.400236807,0.291403992
03-04-2020 14:20,0.305228293,0.273189292
03-04-2020 14:30,0.350267702,0.283567766
03-04-2020 14:40,0.314800404,0.269682975
03-04-2020 14:50,0.307977287,0.250487797
03-04-2020 15:00,0.35371872,0.303909762
03-04-2020 15:10,0.373370659,0.338353405
03-04-2020 15:20,0.405764906,0.357734539
03-04-2020 15:30,0.365540957,0.279633121
03-04-2020 15:40,0.349558226,0.303706746
03-04-2020 15:50,0.348091724,0.539257335
03-04-2020 16:00,0.347684918,0.328172147
03-04-2020 16:10,0.341215598,0.431214975
03-04-2020 16:20,0.351233555,0.350937231
03-04-2020 16:30,0.365390619,0.273470223
03-04-2020 16:40,0.353718205,0.514065605
03-04-2020 16:49,0.342956377,0.270833677
03-04-2020 17:00,0.299180324,0.289138234
03-04-2020 17:10,0.309589717,0.299232032
03-04-2020 17:20,0.35094366,0.294790987
03-04-2020 17:30,0.354319466,0.213869436
03-04-2020 17:40,0.292025157,0.237748476
03-04-2020 17:50,0.334191113,0.359297745
03-04-2020 18:00,0.348323793,0.380693219
03-04-2020 18:10,0.380065953,0.304537424
03-04-2020 18:20,0.356427328,0.25044976
03-04-2020 18:30,0.286732235,0.430578144
03-04-2020 18:40,0.338299124,0.392404049
03-04-2020 18:50,0.391191902,0.278948216
03-04-2020 19:00,0.358136101,0.221265835
03-04-2020 19:10,0.339700896,0.44852819
03-04-2020 19:20,0.340985785,0.323450291
03-04-2020 19:30,0.41277993,0.365513869
03-04-2020 19:40,0.351848914,0.23010463
03-04-2020 19:50,0.406121682,0.365150282
03-04-2020 20:00,0.338200619,0.447336216
03-04-2020 20:10,0.456199574,0.519837252
03-04-2020 20:20,0.376084533,0.284039285
03-04-2020 20:30,0.365978923,0.377354951
03-04-2020 20:40,0.327718328,0.267054922
03-04-2020 20:50,0.376352573,0.369167577
03-04-2020 21:00,0.372092471,0.367527457
03-04-2020 21:10,0.346085842,0.269715899
03-04-2020 21:20,0.359937297,0.388148243
03-04-2020 21:30,0.367480376,0.292220381
03-04-2020 21:40,0.383024619,0.455873186
03-04-2020 21:50,0.388744947,0.392141387
03-04-2020 22:00,0.341151661,0.355509665
03-04-2020 22:10,0.359683032,0.302679087
03-04-2020 22:20,0.42426975,0.319568885
03-04-2020 22:30,0.357802118,0.385119489
03-04-2020 22:39,0.395196905,0.397754383
03-04-2020 22:50,0.369607965,0.230293131
03-04-2020 23:00,0.357086995,0.277104024
03-04-2020 23:10,0.370051645,0.442333005
03-04-2020 23:20,0.345884637,0.343730226
03-04-2020 23:30,0.37983035,0.31794151
03-04-2020 23:40,0.430672849,0.361818041
03-04-2020 23:49,0.388817868,0.264857571
03-05-2020 00:00,0.359650531,0.578621975
03-05-2020 00:10,0.366842507,0.353004665
03-05-2020 00:20,0.34057714,0.311957107
03-05-2020 00:30,0.300693203,0.402211189
03-05-2020 00:40,0.334301308,0.453412284
03-05-2020 00:50,0.369969147,0.360549374
03-05-2020 01:00,0.359398278,0.552023456
03-05-2020 01:10,0.315942096,0.255287306
03-05-2020 01:20,0.376276508,0.281447009
03-05-2020 01:30,0.377855417,0.357433163
03-05-2020 01:40,0.297782825,0.230802945
03-05-2020 01:50,0.308194138,0.197668108
03-05-2020 02:00,0.411380028,0.495312018
03-05-2020 02:09,0.353316132,0.470013082
03-05-2020 02:20,0.337266053,0.254692107
03-05-2020 02:30,0.353160753,0.384978538
03-05-2020 02:40,0.336640671,0.287852398
03-05-2020 02:50,0.385610274,0.452311924
03-05-2020 03:00,0.33571834,0.331270738
03-05-2020 03:10,0.314383253,0.402284896
03-05-2020 03:19,0.362192482,0.39890864
03-05-2020 03:30,0.427679632,0.34697591
03-05-2020 03:40,0.380627624,0.350216562
03-05-2020 03:50,0.37539118,0.318342689
03-05-2020 04:00,0.341763238,0.447048105
03-05-2020 04:10,0.360675558,0.408540711
03-05-2020 04:20,0.340625623,0.331529
03-05-2020 04:29,0.377710459,0.402060699
03-05-2020 04:40,0.377662213,0.34076564
03-05-2020 04:50,0.34381991,0.58092185
03-05-2020 05:00,0.350497513,0.282582647
03-05-2020 05:10,0.356409166,0.346650623
03-05-2020 05:20,0.366171779,0.434508459
03-05-2020 05:30,0.477980668,0.366897527
03-05-2020 05:40,0.408192944,0.265881745
03-05-2020 05:50,0.41865606,0.409068329
03-05-2020 06:00,0.414115961,0.403100652
03-05-2020 06:10,0.344225868,0.270831266
03-05-2020 06:20,0.397326582,0.34699036
03-05-2020 06:30,0.36076077,0.50952456
03-05-2020 06:40,0.354072649,0.235597372
03-05-2020 06:50,0.373692154,0.339772071
03-05-2020 07:00,0.333773028,0.331928334
03-05-2020 07:10,0.43961631,0.324477738
03-05-2020 07:20,0.362683572,0.305585638
03-05-2020 07:30,0.361159677,0.43321161
03-05-2020 07:40,0.344811287,0.32360746
03-05-2020 07:50,0.375998847,0.590193757
03-05-2020 08:00,0.357265866,0.304196807
03-05-2020 08:10,0.420399978,0.321694188
03-05-2020 08:20,0.405594789,0.340158705
03-05-2020 08:30,0.348577504,0.362520897
03-05-2020 08:40,0.326913689,0.277752601
03-05-2020 08:50,0.362748786,0.536373658
03-05-2020 09:00,0.331046719,0.333643809
03-05-2020 09:10,0.356504008,0.322075496
03-05-2020 09:20,0.412679695,0.312757212
03-05-2020 09:30,0.384140309,0.395488565
03-05-2020 09:40,0.360338187,0.351052275
03-05-2020 09:50,0.306735829,0.271883514
03-05-2020 10:00,0.342152327,0.329427594
03-05-2020 10:10,0.354965311,0.293229684
03-05-2020 10:20,0.372247816,0.265993426
03-05-2020 10:29,0.392332629,0.436294563
03-05-2020 10:40,0.395513846,0.403522437
03-05-2020 10:50,0.365103922,0.252594858
03-05-2020 11:00,0.403888386,0.336612995
03-05-2020 11:10,0.355390247,0.457649563
03-05-2020 11:20,0.389559762,0.373773611
03-05-2020 11:30,0.352463315,0.478479164
03-05-2020 11:40,0.377002937,0.410711377
03-05-2020 11:50,0.385085547,0.345209663
03-05-2020 12:00,0.359297103,0.346054488
03-05-2020 12:10,0.402173313,0.406634849
03-05-2020 12:20,0.357463114,0.307624005
03-05-2020 12:30,0.347747953,0.318764014
03-05-2020 12:40,0.306856692,0.280856506
03-05-2020 12:50,0.388782463,0.307464111
03-05-2020 13:00,0.326567974,0.310634446
03-05-2020 13:10,0.352515039,0.416494507
03-05-2020 13:20,0.369667876,0.416143573
03-05-2020 13:30,0.365225958,0.378694754
03-05-2020 13:40,0.367943341,0.405950245
03-05-2020 13:50,0.383073919,0.351830043
03-05-2020 14:00,0.381760637,0.412816711
03-05-2020 14:10,0.384043823,0.408311039
03-05-2020 14:20,0.338448653,0.353200259
03-05-2020 14:30,0.363950613,0.29549882
03-05-2020 14:40,0.370863356,0.251931331
03-05-2020 14:50,0.363436683,0.420535273
03-05-2020 15:00,0.406607991,0.310344118
03-05-2020 15:10,0.337678589,0.316510744
03-05-2020 15:20,0.338265037,0.400780297
03-05-2020 15:30,0.346383515,0.23096787
03-05-2020 15:40,0.339193141,0.375032625
03-05-2020 15:50,0.360257716,0.230695416
03-05-2020 16:00,0.325883294,0.430173495
03-05-2020 16:10,0.339997945,0.231200672
03-05-2020 16:20,0.392899146,0.254177631
03-05-2020 16:30,0.37011968,0.413100114
03-05-2020 16:40,0.335720722,0.405518978
03-05-2020 16:50,0.364633381,0.290866163
03-05-2020 17:00,0.37550122,0.342734571
03-05-2020 17:10,0.301308462,0.313619352
03-05-2020 17:20,0.358934263,0.302926288
03-05-2020 17:30,0.326375032,0.331975052
03-05-2020 17:40,0.400346392,0.32722585
03-05-2020 17:50,0.338945352,0.301525719
03-05-2020 18:00,0.382737971,0.34637348
03-05-2020 18:10,0.422309692,0.358495149
03-05-2020 18:20,0.361639041,0.288616274
03-05-2020 18:30,0.318177349,0.212949378
03-05-2020 18:40,0.324486837,0.296475087
03-05-2020 18:50,0.387724564,0.453308352
03-05-2020 19:00,0.383865721,0.293183491
03-05-2020 19:10,0.386176803,0.311183502
03-05-2020 19:20,0.35368379,0.243804695
03-05-2020 19:30,0.358096269,0.311011893
03-05-2020 19:40,0.314693547,0.30570056
03-05-2020 19:50,0.358670381,0.958183898
03-05-2020 20:00,0.329816133,0.278498726
03-05-2020 20:10,0.386097911,0.423221089
03-05-2020 20:20,0.335740611,0.318466363
03-05-2020 20:30,0.397737267,0.311507105
03-05-2020 20:40,0.324702433,0.25342896
03-05-2020 20:50,0.367882222,0.244928452
03-05-2020 21:00,0.306211697,0.36590383
03-05-2020 21:10,0.317989178,0.377560256
03-05-2020 21:20,0.365261004,0.223472454
03-05-2020 21:30,0.352824469,0.476780195
03-05-2020 21:40,0.3760217,0.262751189
03-05-2020 21:50,0.332877064,0.291450641
03-05-2020 22:00,0.398554271,0.291085724
03-05-2020 22:10,0.323604747,0.444868802
03-05-2020 22:20,0.36626968,0.20754931
03-05-2020 22:30,0.360061732,0.312566923
03-05-2020 22:40,0.379455926,0.346499743
03-05-2020 22:50,0.384618996,0.397082953
03-05-2020 23:00,5.556103398,8.308491742
03-05-2020 23:10,1.454850367,2.364332951
03-05-2020 23:20,7.852937955,9.768205341
03-05-2020 23:30,0.415314834,0.445211399
03-05-2020 23:40,0.377298393,0.240050351
03-05-2020 23:50,0.327474793,0.280673766
03-06-2020 00:00,0.321601872,0.311816645
03-06-2020 00:10,0.367660187,0.494162584
03-06-2020 00:20,0.411863508,0.333372254
03-06-2020 00:30,0.372784456,0.206908364
03-06-2020 00:41,0.321616409,0.286953567
03-06-2020 00:50,0.327170802,0.375757794
03-06-2020 01:00,0.37554867,0.303550366
03-06-2020 01:10,0.362250245,0.323611082
03-06-2020 01:20,0.358675458,0.260763305
03-06-2020 01:30,0.357927009,0.296873265
03-06-2020 01:40,0.324153701,0.332534416
03-06-2020 01:51,0.405102855,0.436711945
03-06-2020 02:00,0.373231367,0.413540075
03-06-2020 02:10,0.373694173,0.393792856
03-06-2020 02:20,0.324314546,0.20803956
03-06-2020 02:30,0.413324524,0.389422557
03-06-2020 02:40,0.912690064,1.763271763
03-06-2020 02:50,0.382480516,0.577101091
03-06-2020 03:01,0.405936385,0.418653932
03-06-2020 03:10,2.649323284,4.850177225
03-06-2020 03:20,0.345764009,0.408672699
03-06-2020 03:30,0.393135721,0.316605504
03-06-2020 03:40,0.374201313,0.337253939
03-06-2020 03:50,0.356064003,0.348514683
03-06-2020 04:00,0.374607339,0.347263586
03-06-2020 04:11,0.350347137,0.342952146
03-06-2020 04:20,0.377536664,0.281738103
03-06-2020 04:30,0.373356047,0.300970558
03-06-2020 04:40,0.389054881,0.338650144
03-06-2020 04:50,0.355849018,0.296173931
03-06-2020 05:00,0.399328521,0.380756155
03-06-2020 05:10,0.335334893,0.360636759
03-06-2020 05:21,0.33990641,0.285363176
03-06-2020 05:30,0.379036526,0.385134505
03-06-2020 05:40,0.328583234,0.413058243
03-06-2020 05:50,0.358762293,0.317767596
03-06-2020 06:00,0.396617132,0.261573828
03-06-2020 06:10,0.350811024,0.316735497
03-06-2020 06:20,0.377287496,0.441164774
03-06-2020 06:30,0.441919723,0.371328108
03-06-2020 06:40,0.36016351,0.41977531
03-06-2020 06:50,0.314080657,0.323259466
03-06-2020 07:00,0.378730176,0.321747411
03-06-2020 07:10,0.346846636,0.390033352
03-06-2020 07:20,0.325614058,0.34120642
03-06-2020 07:30,0.354502991,0.433414705
03-06-2020 07:41,0.382092674,0.276759573
03-06-2020 07:50,0.356702951,0.442211128
03-06-2020 08:00,0.337346881,0.306981656
03-06-2020 08:10,0.351307869,0.265274512
03-06-2020 08:20,0.422633334,0.332959093
03-06-2020 08:30,0.377382587,0.435545042
03-06-2020 08:40,0.422333756,0.329222189
03-06-2020 08:51,0.343558945,0.299244901
03-06-2020 09:00,0.362777934,0.254953835
03-06-2020 09:10,0.372955345,0.34450571
03-06-2020 09:20,0.357693816,0.412944676
03-06-2020 09:30,0.355541636,0.278493456
03-06-2020 09:40,0.338482132,0.302244304
03-06-2020 09:50,0.321220902,0.31897314
03-06-2020 10:00,0.370059076,0.316475654
03-06-2020 10:10,0.374171197,0.25636902
03-06-2020 10:20,0.33139006,0.308675027
03-06-2020 10:30,0.364367047,0.356505192
03-06-2020 10:40,0.380018624,0.421048569
03-06-2020 10:50,0.325879635,0.252564714
03-06-2020 11:00,0.36127345,0.294352948
03-06-2020 11:10,0.377344533,0.402331469
03-06-2020 11:20,0.361293092,0.400388407
03-06-2020 11:30,0.362508675,0.405434253
03-06-2020 11:40,0.411438266,0.40225646
03-06-2020 11:50,0.389405754,0.37539329
03-06-2020 12:00,0.359503344,0.327739809
03-06-2020 12:10,0.384252396,0.232597536
03-06-2020 12:20,0.397927259,0.303304348
03-06-2020 12:30,0.433009195,0.433703042
03-06-2020 12:40,0.349935064,0.285151188
03-06-2020 12:50,0.395006917,0.319369353
03-06-2020 13:00,0.379197375,0.45712516
03-06-2020 13:10,0.442716832,0.424403836
03-06-2020 13:20,0.390798164,0.419857669
03-06-2020 13:31,0.362864032,0.361395023
03-06-2020 13:40,0.349852778,0.307120535
03-06-2020 13:50,0.375839968,0.312597785
03-06-2020 14:00,0.355998354,0.343630098
03-06-2020 14:10,0.31136804,0.262434367
03-06-2020 14:20,0.436558459,0.315940778
03-06-2020 14:30,0.334634707,0.421177568
03-06-2020 14:41,0.375343617,0.350859906
03-06-2020 14:50,0.332603773,0.396663971
03-06-2020 15:00,0.331032924,0.345474864
03-06-2020 15:10,0.319335967,0.284118013
03-06-2020 15:20,0.359037769,0.372990708
03-06-2020 15:30,0.297808946,0.2854537
03-06-2020 15:40,0.317622332,0.325861023
03-06-2020 15:50,0.417984322,0.41526433
03-06-2020 16:00,0.36705323,0.394821784
03-06-2020 16:10,0.395891341,0.281879236
03-06-2020 16:20,0.354589006,0.385512269
03-06-2020 16:30,0.392223696,0.300703505
03-06-2020 16:40,0.362824145,0.288778121
03-06-2020 16:50,0.378962884,0.326320031
03-06-2020 17:01,0.35496645,0.376090064
03-06-2020 17:10,0.361777373,0.332346753
03-06-2020 17:20,0.38788862,0.297464562
03-06-2020 17:30,0.403588887,0.371276947
03-06-2020 17:40,0.37937584,0.4112262
03-06-2020 17:50,0.393881074,0.291926718
03-06-2020 18:00,0.367589642,0.363215946
03-06-2020 18:11,0.348428909,0.245639431
03-06-2020 18:20,0.369707428,0.447843849
03-06-2020 18:30,0.383656331,0.292209065
03-06-2020 18:40,0.345592628,0.342077227
03-06-2020 18:50,0.393523203,0.408303577
03-06-2020 19:00,0.40876777,0.413020884
03-06-2020 19:10,0.466064233,0.484102533
03-06-2020 19:21,0.343771627,0.393493791
03-06-2020 19:30,0.376928427,0.373637523
03-06-2020 19:40,0.350863136,0.316231728
03-06-2020 19:50,0.318841351,0.349688399
03-06-2020 20:01,0.334464958,0.41004026
03-06-2020 20:10,0.436848886,0.50129832
03-06-2020 20:20,0.400017532,0.434530522
03-06-2020 20:30,0.359911731,0.365296259
03-06-2020 20:40,0.361613792,0.483587615
03-06-2020 20:50,0.407636505,0.379908247
03-06-2020 21:00,0.419203498,0.54286562
03-06-2020 21:10,0.319773433,0.348975766
03-06-2020 21:20,0.342164585,0.415676064
03-06-2020 21:30,0.321389902,0.38128067
03-06-2020 21:40,3.483243872,6.104769372
03-06-2020 21:50,0.506436709,0.380706265
03-06-2020 22:00,0.33699248,0.335898375
03-06-2020 22:11,0.371649903,0.523960508
03-06-2020 22:20,0.389389052,0.443786036
03-06-2020 22:30,0.316995693,0.34166127
03-06-2020 22:40,0.338343574,0.310894256
03-06-2020 22:50,0.346930528,0.442068833
03-06-2020 23:00,0.364742822,0.339273327
03-06-2020 23:10,0.333226655,0.318144513
03-06-2020 23:20,0.321498359,0.270351806
03-06-2020 23:30,0.346565643,0.300920732
03-06-2020 23:40,0.433296956,0.38329594
03-06-2020 23:50,0.386618481,0.264408153
03-07-2020 00:00,0.354343926,0.295040768
03-07-2020 00:10,0.379004704,0.375049461
03-07-2020 00:20,0.373473659,0.357222747
03-07-2020 00:30,0.434955245,0.301049291
03-07-2020 00:40,0.399536072,0.343089527
03-07-2020 00:50,0.370712551,0.25499767
03-07-2020 01:00,0.349686795,0.306141956
03-07-2020 01:10,0.322760688,0.378172994
03-07-2020 01:20,0.342757057,0.233239755
03-07-2020 01:30,0.383404002,0.260740121
03-07-2020 01:40,0.397372895,0.382880588
03-07-2020 01:50,0.358024242,0.310367116
03-07-2020 02:00,0.321283372,0.330497296
03-07-2020 02:10,0.368026216,0.189277375
03-07-2020 02:20,0.386104076,0.320050009
03-07-2020 02:31,0.38635072,0.339820221
03-07-2020 02:40,0.396201342,0.475575967
03-07-2020 02:50,0.361183328,0.396333038
03-07-2020 03:00,0.421067997,0.419398919
03-07-2020 03:10,0.303825899,0.337388168
03-07-2020 03:20,0.307388882,0.469072189
03-07-2020 03:30,0.355003671,0.283282901
03-07-2020 03:40,0.356774209,0.42461362
03-07-2020 03:50,0.334953718,0.35248982
03-07-2020 04:00,0.390667026,0.385288806
03-07-2020 04:10,0.403272217,0.418538787
03-07-2020 04:20,0.393024363,0.446578875
03-07-2020 04:30,0.383364727,0.384142086
03-07-2020 04:41,0.350098905,0.444237683
03-07-2020 04:50,0.355745237,0.399589511
,0.360026537,0.382387633
,0.380940483,0.302746677
,0.354153667,0.356585162
,0.366022439,
,0.366022439,
,0.366022439,
,0.366022439,
,0.366022439,
